Number of books,Tag name
012,5G
685,80后
346,AI
098,APP
002,Airbnb
125,Amazon
145,Android
093,Apple
832,BL
001,Deep Learning
130,Excel
075,FBI
029,Facebook
003,GAN
107,Google
052,Hayek
694,IT
214,J.K.罗琳
003,Keras
044,MOOC
054,Mac
046,Microsoft
004,NVIDIA
004,Netflix
162,PC
502,Philosophy
010,PowerPoint
003,PyTorch
330,Python
106,QQ
001,Reinforcement Learning
000,Samsung
011,Sony
004,TIM
013,TensorFlow
005,Twitter
176,UCD
191,UE
000,Visio
096,Windows
023,Word
123,development
182,iOS
150,iPhone
043,justice
301,linux
005,macOS
353,math
083,os
688,programming
000,watchOS
492,web
029,万历
166,三体
234,三岛由纪夫
000,三星
492,三毛
014,三毛全集
178,上古
092,专制
485,世界
664,世界历史
865,世界史
606,世界名著
383,世界观
108,世纪人文
058,业余
672,东野圭吾
684,两性
137,个人主义
983,个人管理
997,中国
006,中国不高兴
163,中国农村
967,中国历史
764,中国古代史
578,中国古典
896,中国古典文学
774,中国小说
940,中国当代文学
999,中国文学
657,中国现代文学
964,中国现当代文学
316,中国科幻
845,中国近代史
175,中国通史
012,丹尼尔·凯斯
275,丹麦
046,乔斯坦·贾德
275,乔治·奥威尔
184,乡土中国
648,书籍
804,二战
158,云计算
919,互联网
071,亚历山大
003,亚太
373,亚马逊
240,交互
570,交互设计
025,交友
648,亦舒
189,亲子关系
524,人工智能
977,人性
090,人才
931,人文
882,人物
954,人物传记
969,人生
600,人生哲学
438,人类
886,人类学
020,人类的故事
001,人脸识别
542,人际关系
111,今何在
072,今天
479,企业
367,企业史
203,企业家
183,伊坂幸太郎
417,传奇
975,传记
419,伦理
505,伦理学
009,伯克利
049,何伟
182,何帆
244,余华
218,余秋雨
518,佛
783,佛学
661,佛教
457,佛法
697,俄国
732,俄国文学
851,俄罗斯
065,保护
055,保罗·柯艾略
712,信仰
236,信息
024,信息科技
737,修行
000,值得一读
795,健康
389,健身
233,傅雷
862,儿童
965,儿童文学
092,先知
025,光学
002,光荣日
782,入门
065,全球
352,全球化
072,公开课
095,公路小说
406,兴趣
586,养生
619,内地
636,冒险
863,写作
781,军事
007,净空
017,净空法师
317,几米
150,列夫·托尔斯泰
223,刘慈欣
832,创业
483,创新
530,初中
311,制度
015,剑桥
086,办公
225,加缪
181,加西亚·马尔克斯
046,动力
065,动机
610,动物
328,动画
970,励志
198,化学
099,区块链
734,医学
285,医疗
141,华为
127,华裔
116,博士
140,博客
145,博尔赫斯
039,卡勒德·胡塞尼
064,卡勒德·胡赛尼
225,卢梭
616,印度
985,历史
787,历史小说
482,友情
623,反乌托邦
452,反思
148,反抗
171,叔本华
785,古代
557,古代文学
048,古代诗词
874,古典
448,古典名著
490,古典小说
153,古典文化
959,古典文学
568,古典诗词
455,古典音乐
705,古希腊
413,古文
752,古籍
480,古罗马
145,古诗
374,古龙
000,可控核聚变
929,台湾
193,史记
092,司汤达
029,吉本
031,吉米·哈利
001,名校演讲
979,名著
443,启蒙
025,吴思
068,呐喊
389,咖啡
019,品德
433,品牌
197,哈佛
128,哈耶克
133,哥伦比亚
993,哲学
407,哲学入门
441,哲学史
046,哲学启蒙书
162,哲学家
538,哲理
001,哲诗
390,唐诗
025,唐骏
988,商业
009,商业策略
698,商务印书馆
352,商战
091,喜好
214,四大名著
898,回忆录
441,国史
918,国学
160,圣埃克苏佩里
373,圣经
000,在线课程
013,地位
035,地狱
666,地理
233,坚持
777,城市
196,基因
000,基带
016,塔木德
088,塞林格
024,墨脱
025,处世之道
750,外国
777,外国名著
175,外国哲学
919,外国小说
999,外国文学
039,外星
231,外星人
207,大历史
613,大学
000,大学排名
570,大师
069,天堂
197,太宰治
145,太空
002,太阳能
977,奇幻
414,奋斗
673,奥地利
140,奥威尔
027,奥运
972,女性
014,女语者
019,奴役
000,好书
008,威尔伯
103,威廉·福克纳
109,婚外情
627,婚姻
040,婴儿
120,字典
646,存在主义
873,学习
882,学术
223,学校
131,学生
521,宇宙
056,安·兰德
215,安全
024,安卓
238,安妮宝贝
189,安徒生
027,安徒生童话
272,宋词
940,宗教
040,宗萨蒋扬钦哲仁波切
363,宪政
461,家居
647,家庭
576,家庭教育
266,家族
031,寓意
443,寓言
102,导师
428,小学
097,小米
999,小说
068,局外人
182,山海经
186,川端康成
584,工作
917,工具书
160,巴西
001,市值
001,希伯来经典
561,希腊
214,希腊神话
007,常春藤
401,常识
001,平板电脑
493,幸福
689,幽默
300,幾米
661,广告
263,庄子
120,应用
179,底层
864,建筑
373,开发
117,开放人文
107,开源
019,引力
068,弘一法师
287,张小娴
155,张悦然
596,张爱玲
006,强化学习
858,当代
982,当代文学
089,当年明月
404,微信
152,微博
003,微型
112,微软
960,德国
710,德国文学
164,德鲁克
949,心灵
993,心理
537,心理咨询
994,心理学
967,思想
900,思想史
004,思想品德
158,思想家
995,思维
866,思考
590,性
498,性学
580,恋爱
025,悟空传
994,悬疑
060,悲观主义
821,情感
446,情色
793,意大利
000,意淫
557,意识流
566,感悟
112,愤青
870,戏剧
378,戏曲
157,成人
525,成功学
995,成长
020,我们仨
972,我想读这本书
876,战争
605,战略
193,房龙
531,手工
211,手机
099,托克维尔
248,托尔斯泰
008,托马斯·潘恩
431,批判
671,技术
971,投资
000,折叠屏
558,拉美
621,拉美文学
018,拍照
284,挪威
380,捷克
004,排名
175,探索
005,控诉
987,推理
983,推理小说
130,搜索
134,搜索引擎
756,搞笑
041,摄像
920,摄影
359,操作系统
987,政治
920,政治哲学
957,政治学
504,政治经济学
658,故事
456,救赎
859,教材
534,教程
953,教育
992,散文
961,散文随笔
881,数学
082,数学家
037,数论
988,文化
961,文化研究
340,文化随笔
999,文学
186,文学-小说
780,文学评论
499,文明
724,文艺
390,文艺复兴
012,文艺复兴时期
029,斯坦福
652,方法
966,方法论
937,旅行
001,旗舰
988,日本
711,日本小说
968,日本推理
708,日本文化
992,日本文学
989,日本漫画
968,日系推理
167,时间旅行
004,时间法则
707,时间管理
139,昆德拉
522,明史
048,明天
548,明朝
270,昨天
000,显卡
000,显示器
000,显示屏
132,普鲁斯特
614,智慧
145,智能
002,曹德旺
062,曹禺
002,曼弗雷迪
041,有益
025,有趣科学
546,未来
316,本科
137,机器人
414,机器学习
644,杂志
956,杂文
089,李叔同
033,李嘉诚
067,李开复
012,李彦宏
014,李汝珍
080,李白
223,村上
595,村上春树
181,杜拉斯
067,杜甫
004,杜穆里埃
182,杨绛
004,杰拉德·戴蒙德
466,東野圭吾
169,极权
265,极权主义
004,极权政治
183,林少华
113,林达
099,柴静
786,校园
004,核泄漏
003,核能
042,格林兄弟
046,格林童话
129,梭罗
094,森林
617,植物
202,概率
089,模式识别
793,欧洲
605,欧洲文学
069,欧盟
614,欧美
622,欧美文学
293,欲望
206,正义
023,正见
944,武侠
779,武侠小说
192,武汉
593,死亡
055,比特币
381,毛姆
561,民主
289,民族主义
077,汉娜·阿伦特
306,汉译名著
357,汉语
003,汉默顿
107,汽车
066,沙漠
178,沧月
960,治愈
988,法国
981,法国文学
779,法学
751,法律
003,洪水
328,流浪
001,液晶
115,深度学习
149,混沌
885,温暖
548,温馨
483,港台
082,游历
552,游戏
889,游记
002,源泉
167,演义
411,演讲
995,漫画
172,潜规则
420,澳大利亚
066,火星
003,火灾
905,灵修
557,灵性
278,灾难
144,爱因斯坦
224,爱好
998,爱情
050,爵士时代
014,牛奶
124,牛津
223,牛津通识读本
743,物理
591,物理学
042,物理学家
020,物联网
039,特斯拉
027,特里·伊格尔顿
371,犹太
002,犹太文明
001,狂热分子
260,狄更斯
050,独唱团
087,独立杂志
015,王健林
554,王小波
274,王尔德
011,王尔德童话
010,玩家
241,环境
754,现代
348,现代主义
916,现代文学
125,现在
461,现实主义
057,理性主义
799,理想国
871,理财
410,瑞典
990,生活
597,生物
002,生物地理学
567,生物学
054,生育
578,用户体验
000,田长霖
249,电商
243,电子商务
912,电影
017,电池
173,电脑
148,画传
157,画家
623,畅销书
031,白夜行
076,百度
003,监听
021,监控
117,监狱
170,盗版
076,相机
120,看见
001,短租
982,短篇小说
469,研究
326,研究生
127,硅谷
164,硕士
107,硬件
993,社会
980,社会学
654,社会心理学
253,社会文化史
095,社会评论
923,社科
227,神怪
070,神经网络
732,神话
006,神魔鬼怪
099,禁忌
575,禅
096,禅意
119,福克纳
246,福柯
104,私小说
937,科学
521,科学人文
455,科学史
176,科学家
966,科幻
958,科幻小说
599,科技
970,科普
262,科研
067,移动
017,移动应用
107,移动开发
000,移动网络
219,程序
013,空气
856,穿越
947,童年
903,童话
057,笛卡尔
378,策划
125,简爱
507,算法
985,管理
854,管理学
002,箭术
169,米兰·昆德拉
112,米兰昆德拉
020,米开朗琪罗
076,粮食
745,精神分析
141,精英
296,系统
010,素数
046,索尔仁尼琴
008,索尼
006,繁殖
011,红色恐怖
120,纪伯伦
945,纪实
217,纪实中国
164,纪念
213,纯净
516,纯文学
1000,经典
487,经典名著
021,经典数学科普
020,经典通读
033,经文
981,经济
965,经济学
115,经济学读物
983,绘本
794,绘画
210,绝望
004,绿化
878,编程
011,网盘
367,网络
987,网络小说
747,网络文学
099,罗曼·罗兰
181,罗素
459,罗马
213,罗马史
992,美国
981,美国文学
811,美术
882,美食
167,群体心理学
252,老子
135,老师
105,老年
085,老庄
056,老龄化
666,考古
384,考试
065,耶鲁
977,耽美
092,聊斋
925,职场
003,聚变
792,股票
060,能源
867,自传
042,自传小说
003,自动驾驶
187,自助游
049,自我分析
719,自我完善
787,自我提升
975,自我管理
882,自然
763,自然科学
613,自由
650,自由主义
005,自身体重训练
968,艺术
910,艺术史
245,艺术家
108,艾萨克·阿西莫夫
651,苏联
223,苏联文学
000,英伟达
988,英国
989,英国文学
955,英文原版
784,英语
154,苹果
320,茨威格
003,荒谬主义
233,荣格
065,莫扎特
184,莫泊桑
214,菲茨杰拉德
881,营销
190,落落
096,蒙学
067,蒲松龄
007,蔡定剑
291,虐恋
610,行走
001,街景
574,西方
458,西方历史
178,西方历史文化
953,西方哲学
209,西方哲学史
229,西游记
557,西藏
037,解读史书
993,言情
172,警察
367,计划
009,计划生育
933,计算机
456,认识自己
627,讽刺
949,设计
663,评论
274,词典
474,译文
513,译林
335,诗文
972,诗歌
859,诗词
129,诗选
782,诗集
228,话剧
648,语言学
330,诸子
089,诸子百家
546,诺贝尔
005,谚语
118,谜
077,谷歌
067,贝多芬
455,财富
137,费孝通
011,费米
004,赛妮亚
184,赫尔曼·黑塞
208,超现实
106,超长篇
213,跑步
138,路遥
134,身体
421,软件
806,轻小说
250,辞典
000,边缘计算
050,达利
003,达利画传
259,过去
005,迈克尔·桑德尔
519,运动
516,运营
033,近世变迁
279,近代中国
783,近代史
459,进化
014,进化行为
416,进化论
528,通俗
245,通俗历史
447,通俗读物
141,通信
498,通史
601,通识
460,道家
124,道德经
304,道教
071,遗传
337,郭敬明
001,配偶
055,野外
011,野生
504,金庸
954,金融
172,金钱
263,钱穆
250,钱钟书
083,锻炼
935,长篇小说
242,闲读
351,间谍
577,阿加莎·克里斯蒂
007,阿图·葛文德
047,阿富汗
084,阿拉伯文学
226,阿根廷
109,阿根廷文学
147,阿西莫夫
341,陀思妥耶夫斯基
007,陈省身
995,随笔
006,雕塑家
234,雨果
015,雷雨
996,青春
643,青春小说
866,青春文学
188,青春文艺
326,非洲
321,韩寒
755,音乐
506,领导力
207,颓废
181,颠覆
471,食物
030,饥荒
859,香港
103,马云
015,马化腾
163,马尔克斯
078,马拉松
020,马斯克
022,驾驶
583,高中
099,高尔基
180,高木直子
119,高考
001,高通
287,鬼怪
292,魏晋
610,魏晋南北朝
792,魔幻
470,魔幻现实主义
680,鲁迅
003,黃霑
141,黄仁宇
005,黎曼猜想
168,黑塞
065,黑天鹅
271,黑帮
041,黑洞
